{"cameraMode":{"drawMode":0,"name":"Shaded","section":"Shading Mode"},"sceneLighting":false,"audioPlay":false,"sceneViewState":{"showFog":true,"showMaterialUpdate":true,"showSkybox":false,"showFlares":true,"showImageEffects":true,"showParticleSystems":true},"in2DMode":false,"pivot":{"x":33.9743537902832,"y":130.48236083984376,"z":-196.17393493652345},"rotation":{"x":0.37930092215538027,"y":-0.6064329147338867,"z":0.40230095386505129,"w":0.5716180205345154},"size":85.57273864746094,"orthographic":false}