{"cameraMode":{"drawMode":0,"name":"Shaded","section":"Shading Mode"},"sceneLighting":true,"audioPlay":false,"sceneViewState":{"showFog":true,"showMaterialUpdate":true,"showSkybox":true,"showFlares":true,"showImageEffects":true,"showParticleSystems":true},"in2DMode":false,"pivot":{"x":75.17965698242188,"y":128.42758178710938,"z":-146.98695373535157},"rotation":{"x":0.12923239171504975,"y":0.3703029453754425,"z":-0.053484417498111728,"w":0.9185707569122315},"size":85.66410827636719,"orthographic":false}